{
  "Idle_R": {
    "0": {
      "location": [-13.604089, -1.349474, 11.6959],
      "rotation": [0.448224, 0.448224, 0.546896, 0.546896]
    },
    "1": {
      "location": [-13.607965, -3.646156, 12.707731],
      "rotation": [0.42569, 0.464545, 0.535231, 0.557651]
    },
    "2": {
      "location": [-13.616488, -8.698854, 14.933761],
      "rotation": [0.376116, 0.500451, 0.509567, 0.581311]
    },
    "3": {
      "location": [-13.625012, -13.751555, 17.15979],
      "rotation": [0.326542, 0.536357, 0.483903, 0.604971]
    },
    "4": {
      "location": [-13.628888, -16.048235, 18.171619],
      "rotation": [0.304009, 0.552677, 0.472238, 0.615725]
    },
    "5": {
      "location": [-13.625012, -13.751554, 17.159788],
      "rotation": [0.326542, 0.536357, 0.483904, 0.604971]
    },
    "6": {
      "location": [-13.616488, -8.698854, 14.93376],
      "rotation": [0.376116, 0.500451, 0.509567, 0.581311]
    },
    "7": {
      "location": [-13.607965, -3.646154, 12.707731],
      "rotation": [0.42569, 0.464545, 0.535231, 0.557651]
    },
    "8": {
      "location": [-13.604089, -1.349474, 11.6959],
      "rotation": [0.448224, 0.448224, 0.546896, 0.546896]
    }
  },
  "Idle_L": {
    "0": {
      "location": [13.99067, -1.349474, 11.6959],
      "rotation": [0.448224, 0.448224, -0.546896, -0.546896]
    },
    "1": {
      "location": [13.994546, -3.646156, 12.707731],
      "rotation": [0.42569, 0.464545, -0.535231, -0.557651]
    },
    "2": {
      "location": [14.00307, -8.698854, 14.933761],
      "rotation": [0.376116, 0.500451, -0.509567, -0.581311]
    },
    "3": {
      "location": [14.011594, -13.751555, 17.15979],
      "rotation": [0.326542, 0.536357, -0.483903, -0.60497]
    },
    "4": {
      "location": [14.01547, -16.048235, 18.171619],
      "rotation": [0.304009, 0.552677, -0.472238, -0.615725]
    },
    "5": {
      "location": [14.011594, -13.751554, 17.159788],
      "rotation": [0.326542, 0.536357, -0.483903, -0.60497]
    },
    "6": {
      "location": [14.003071, -8.698854, 14.93376],
      "rotation": [0.376116, 0.500451, -0.509567, -0.58131]
    },
    "7": {
      "location": [13.994546, -3.646154, 12.707731],
      "rotation": [0.42569, 0.464545, -0.535231, -0.557651]
    },
    "8": {
      "location": [13.99067, -1.349474, 11.6959],
      "rotation": [0.448224, 0.448224, -0.546896, -0.546896]
    }
  },
  "Cross_LtoR": {
    "0": {
      "location": [13.99067, -1.349474, 11.6959],
      "rotation": [0.448224, 0.448224, -0.546896, -0.546896]
    },
    "1": {
      "location": [13.935008, -1.442759, 12.482101],
      "rotation": [0.455709, 0.445537, -0.544342, -0.562834]
    },
    "2": {
      "location": [13.54537, -2.095745, 14.211747],
      "rotation": [0.472177, 0.439626, -0.52646, -0.597896]
    },
    "3": {
      "location": [12.487781, -3.868138, 15.941393],
      "rotation": [0.488645, 0.433714, -0.477925, -0.632958]
    },
    "4": {
      "location": [10.428265, -7.319638, 16.727594],
      "rotation": [0.496131, 0.431027, -0.38341, -0.648896]
    },
    "5": {
      "location": [5.170313, -15.009562, 15.941393],
      "rotation": [0.488645, 0.433714, -0.169079, -0.462053]
    },
    "6": {
      "location": [-2.923834, -11.468058, 14.211747],
      "rotation": [0.472177, 0.439626, 0.14305, -0.051]
    },
    "7": {
      "location": [-10.35003, -4.890978, 12.482101],
      "rotation": [0.455709, 0.445537, 0.424526, 0.360054]
    },
    "8": {
      "location": [-13.604129, -1.349474, 11.6959],
      "rotation": [0.448224, 0.448224, 0.546896, 0.546896]
    }
  }
}
