{
  "Right_Hand_P_hover": {
    "0": {
      "location": [20.818501, -8.704, 40.006199],
      "rotation": [0.569111, -0.211621, 0.785461, 0.119917]
    },
    "1": {
      "location": [20.96339, -8.442174, 39.291451],
      "rotation": [0.562754, -0.216681, 0.780399, 0.141917]
    },
    "2": {
      "location": [21.325613, -7.787614, 37.504581],
      "rotation": [0.54686, -0.22933, 0.767743, 0.196916]
    },
    "3": {
      "location": [21.796499, -6.936682, 35.181648],
      "rotation": [0.526198, -0.245775, 0.75129, 0.268415]
    },
    "4": {
      "location": [22.267389, -6.085751, 32.858715],
      "rotation": [0.505536, -0.262219, 0.734837, 0.339914]
    },
    "5": {
      "location": [22.629612, -5.43119, 31.071844],
      "rotation": [0.489643, -0.274868, 0.722181, 0.394913]
    },
    "6": {
      "location": [22.7745, -5.169365, 30.357094],
      "rotation": [0.483285, -0.279928, 0.717119, 0.416913]
    },
    "7": {
      "location": [22.629612, -5.43119, 31.071844],
      "rotation": [0.489643, -0.274868, 0.722181, 0.394913]
    },
    "8": {
      "location": [22.267389, -6.085751, 32.858715],
      "rotation": [0.505536, -0.262219, 0.734837, 0.339914]
    },
    "9": {
      "location": [21.796503, -6.936684, 35.181648],
      "rotation": [0.526198, -0.245775, 0.75129, 0.268415]
    },
    "10": {
      "location": [21.325613, -7.787614, 37.504585],
      "rotation": [0.54686, -0.22933, 0.767743, 0.196916]
    },
    "11": {
      "location": [20.96339, -8.442175, 39.291451],
      "rotation": [0.562754, -0.216681, 0.780399, 0.141917]
    },
    "12": {
      "location": [20.818501, -8.704, 40.006199],
      "rotation": [0.569111, -0.211621, 0.785461, 0.119917]
    }
  },
  "Left_Hand_P_hover": {
    "0": {
      "location": [-20.818501, -8.704, 40.006199],
      "rotation": [0.569111, -0.211621, -0.785461, -0.119917]
    },
    "1": {
      "location": [-20.96339, -8.442174, 39.291451],
      "rotation": [0.562754, -0.216681, -0.780399, -0.141917]
    },
    "2": {
      "location": [-21.325613, -7.787614, 37.504581],
      "rotation": [0.54686, -0.22933, -0.767743, -0.196916]
    },
    "3": {
      "location": [-21.796499, -6.936682, 35.181648],
      "rotation": [0.526198, -0.245775, -0.75129, -0.268415]
    },
    "4": {
      "location": [-22.267389, -6.085751, 32.858715],
      "rotation": [0.505536, -0.262219, -0.734837, -0.339914]
    },
    "5": {
      "location": [-22.629612, -5.43119, 31.071844],
      "rotation": [0.489643, -0.274868, -0.722181, -0.394913]
    },
    "6": {
      "location": [-22.7745, -5.169365, 30.357094],
      "rotation": [0.483285, -0.279928, -0.717119, -0.416913]
    },
    "7": {
      "location": [-22.629612, -5.43119, 31.071844],
      "rotation": [0.489643, -0.274868, -0.722181, -0.394913]
    },
    "8": {
      "location": [-22.267389, -6.085751, 32.858715],
      "rotation": [0.505536, -0.262219, -0.734837, -0.339914]
    },
    "9": {
      "location": [-21.796503, -6.936684, 35.181648],
      "rotation": [0.526198, -0.245775, -0.75129, -0.268415]
    },
    "10": {
      "location": [-21.325613, -7.787614, 37.504585],
      "rotation": [0.54686, -0.22933, -0.767743, -0.196916]
    },
    "11": {
      "location": [-20.96339, -8.442175, 39.291451],
      "rotation": [0.562754, -0.216681, -0.780399, -0.141917]
    },
    "12": {
      "location": [-20.818501, -8.704, 40.006199],
      "rotation": [0.569111, -0.211621, -0.785461, -0.119917]
    }
  },
  "base_pose": {
    "Right_Hand_P": {
      "location": [20.818501, -8.704, 40.006199],
      "rotation": [0.569111, -0.211621, 0.785461, 0.119917]
    },
    "Left_Hand_P": {
      "location": [-20.818501, -8.704, 40.006199],
      "rotation": [0.569111, -0.211621, -0.785461, -0.119917]
    }
  }
}
