{
  "Right_Hand_P_hover": {
    "0": {
      "location": [10.818501, -8.704, 40.006199],
      "rotation": [1.0, 0.0, 0.0, 0.0]
    },
    "1": {
      "location": [11.796504, -6.936682, 35.181648],
      "rotation": [1.0, 0.0, 0.0, 0.0]
    },
    "2": {
      "location": [12.774509, -5.169365, 30.357094],
      "rotation": [1.0, 0.0, 0.0, 0.0]
    },
    "3": {
      "location": [11.796505, -6.936684, 35.181648],
      "rotation": [1.0, 0.0, 0.0, 0.0]
    },
    "4": {
      "location": [10.818501, -8.704, 40.006199],
      "rotation": [1.0, 0.0, 0.0, 0.0]
    }
  },
  "Left_Hand_P_hover": {
    "0": {
      "location": [-10.818501, -8.704, 40.006199],
      "rotation": [1.0, -0.0, 0.0, -0.0]
    },
    "1": {
      "location": [-11.796504, -6.936682, 35.181648],
      "rotation": [1.0, -0.0, 0.0, -0.0]
    },
    "2": {
      "location": [-12.774509, -5.169365, 30.357094],
      "rotation": [1.0, -0.0, 0.0, -0.0]
    },
    "3": {
      "location": [-11.796505, -6.936684, 35.181648],
      "rotation": [1.0, -0.0, 0.0, -0.0]
    },
    "4": {
      "location": [-10.818501, -8.704, 40.006199],
      "rotation": [1.0, -0.0, 0.0, -0.0]
    }
  },
  "base_pose": {
    "Right_Hand_P": {
      "location": [10.818501, -8.704, 40.006199],
      "rotation": [1.0, 0.0, 0.0, 0.0]
    },
    "Left_Hand_P": {
      "location": [-10.818501, -8.704, 40.006199],
      "rotation": [1.0, -0.0, 0.0, -0.0]
    }
  }
}
