{
  "0": {
    "Hip": [1.0, 0.0, -0.0, 0.0],
    "Belly": [0.865404, -0.49898, 0.038747, 0.024376],
    "Chest": [0.993484, -0.113973, -0.0, -0.0],
    "Head": [0.87582, 0.48257, 0.001803, -0.007841],
    "Left_Arm": [0.583272, 0.361503, 0.72134, -0.093691],
    "Left_Forearm": [0.956154, 0.118035, 0.012989, 0.267711],
    "Left_Hand": [0.950626, 0.272406, 0.08422, -0.122523],
    "Right_Arm": [0.901216, 0.08017, -0.175077, -0.388241],
    "Right_Forearm": [0.540079, 0.400669, -0.695602, 0.252818],
    "Right_Hand": [0.860367, -0.360236, -0.359673, -0.025159],
    "Right_Thigh": [0.863946, 0.469193, 0.003362, 0.182877],
    "Right_Leg": [0.823258, -0.553525, 0.102286, -0.073448],
    "Right_Foot": [1.0, -0.0, -0.0, -0.0],
    "Left_Thigh": [0.888668, 0.402519, 0.030217, -0.217567],
    "Left_Leg": [0.859175, -0.496593, 0.117091, 0.038783],
    "Left_Foot": [0.997924, 0.006129, -0.020215, 0.060832]
  },
  "1": {
    "Hip": [1.0, 0.0, -0.0, 0.0],
    "Belly": [0.865404, -0.49898, 0.038747, 0.024376],
    "Chest": [0.993484, -0.113973, -0.0, -0.0],
    "Head": [0.87582, 0.48257, 0.001803, -0.007841],
    "Left_Arm": [0.583272, 0.361503, 0.72134, -0.093691],
    "Left_Forearm": [0.956154, 0.118035, 0.012989, 0.267711],
    "Left_Hand": [0.950626, 0.272406, 0.08422, -0.122523],
    "Right_Arm": [0.905964, 0.071526, -0.199309, -0.366591],
    "Right_Forearm": [0.561356, 0.426289, -0.664894, 0.247131],
    "Right_Hand": [0.863589, -0.342264, -0.370134, -0.008387],
    "Right_Thigh": [0.863946, 0.469193, 0.003362, 0.182877],
    "Right_Leg": [0.823258, -0.553525, 0.102286, -0.073448],
    "Right_Foot": [1.0, -0.0, -0.0, -0.0],
    "Left_Thigh": [0.888668, 0.402519, 0.030217, -0.217567],
    "Left_Leg": [0.859175, -0.496593, 0.117091, 0.038783],
    "Left_Foot": [0.997924, 0.006129, -0.020215, 0.060832]
  },
  "2": {
    "Hip": [1.0, 0.0, -0.0, 0.0],
    "Belly": [0.865404, -0.49898, 0.038747, 0.024376],
    "Chest": [0.993484, -0.113973, -0.0, -0.0],
    "Head": [0.87582, 0.48257, 0.001803, -0.007841],
    "Left_Arm": [0.583272, 0.361503, 0.72134, -0.093691],
    "Left_Forearm": [0.956154, 0.118035, 0.012989, 0.267711],
    "Left_Hand": [0.950626, 0.272406, 0.08422, -0.122523],
    "Right_Arm": [0.91334, 0.049098, -0.260091, -0.309438],
    "Right_Forearm": [0.611184, 0.48873, -0.578558, 0.229931],
    "Right_Hand": [0.868945, -0.295699, -0.395394, 0.034064],
    "Right_Thigh": [0.863946, 0.469193, 0.003362, 0.182877],
    "Right_Leg": [0.823258, -0.553525, 0.102286, -0.073448],
    "Right_Foot": [1.0, -0.0, -0.0, -0.0],
    "Left_Thigh": [0.888668, 0.402519, 0.030217, -0.217567],
    "Left_Leg": [0.859175, -0.496593, 0.117091, 0.038783],
    "Left_Foot": [0.997924, 0.006129, -0.020215, 0.060832]
  },
  "3": {
    "Hip": [1.0, 0.0, -0.0, 0.0],
    "Belly": [0.865404, -0.49898, 0.038747, 0.024376],
    "Chest": [0.993484, -0.113973, -0.0, -0.0],
    "Head": [0.87582, 0.48257, 0.001803, -0.007841],
    "Left_Arm": [0.583272, 0.361503, 0.72134, -0.093691],
    "Left_Forearm": [0.956154, 0.118035, 0.012989, 0.267711],
    "Left_Hand": [0.950626, 0.272406, 0.08422, -0.122523],
    "Right_Arm": [0.912531, 0.018824, -0.337582, -0.230154],
    "Right_Forearm": [0.664685, 0.561985, -0.449147, 0.201578],
    "Right_Hand": [0.869855, -0.232466, -0.42578, 0.089571],
    "Right_Thigh": [0.863946, 0.469193, 0.003362, 0.182877],
    "Right_Leg": [0.823258, -0.553525, 0.102286, -0.073448],
    "Right_Foot": [1.0, -0.0, -0.0, -0.0],
    "Left_Thigh": [0.888668, 0.402519, 0.030217, -0.217567],
    "Left_Leg": [0.859175, -0.496593, 0.117091, 0.038783],
    "Left_Foot": [0.997924, 0.006129, -0.020215, 0.060832]
  },
  "4": {
    "Hip": [1.0, 0.0, -0.0, 0.0],
    "Belly": [0.865404, -0.49898, 0.038747, 0.024376],
    "Chest": [0.993484, -0.113973, -0.0, -0.0],
    "Head": [0.87582, 0.48257, 0.001803, -0.007841],
    "Left_Arm": [0.583272, 0.361503, 0.72134, -0.093691],
    "Left_Forearm": [0.956154, 0.118035, 0.012989, 0.267711],
    "Left_Hand": [0.950626, 0.272406, 0.08422, -0.122523],
    "Right_Arm": [0.899707, -0.011637, -0.410473, -0.148],
    "Right_Forearm": [0.700963, 0.620591, -0.308621, 0.168143],
    "Right_Hand": [0.863828, -0.167547, -0.452692, 0.144217],
    "Right_Thigh": [0.863946, 0.469193, 0.003362, 0.182877],
    "Right_Leg": [0.823258, -0.553525, 0.102286, -0.073448],
    "Right_Foot": [1.0, -0.0, -0.0, -0.0],
    "Left_Thigh": [0.888668, 0.402519, 0.030217, -0.217567],
    "Left_Leg": [0.859175, -0.496593, 0.117091, 0.038783],
    "Left_Foot": [0.997924, 0.006129, -0.020215, 0.060832]
  },
  "5": {
    "Hip": [1.0, 0.0, -0.0, 0.0],
    "Belly": [0.865404, -0.49898, 0.038747, 0.024376],
    "Chest": [0.993484, -0.113973, -0.0, -0.0],
    "Head": [0.87582, 0.48257, 0.001803, -0.007841],
    "Left_Arm": [0.583272, 0.361503, 0.72134, -0.093691],
    "Left_Forearm": [0.956154, 0.118035, 0.012989, 0.267711],
    "Left_Hand": [0.950626, 0.272406, 0.08422, -0.122523],
    "Right_Arm": [0.882261, -0.034455, -0.461756, -0.084907],
    "Right_Forearm": [0.716228, 0.653642, -0.199916, 0.140726],
    "Right_Hand": [0.85468, -0.11745, -0.47069, 0.184874],
    "Right_Thigh": [0.863946, 0.469193, 0.003362, 0.182877],
    "Right_Leg": [0.823258, -0.553525, 0.102286, -0.073448],
    "Right_Foot": [1.0, -0.0, -0.0, -0.0],
    "Left_Thigh": [0.888668, 0.402519, 0.030217, -0.217567],
    "Left_Leg": [0.859175, -0.496593, 0.117091, 0.038783],
    "Left_Foot": [0.997924, 0.006129, -0.020215, 0.060832]
  },
  "6": {
    "Hip": [1.0, 0.0, -0.0, 0.0],
    "Belly": [0.865404, -0.49898, 0.038747, 0.024376],
    "Chest": [0.993484, -0.113973, -0.0, -0.0],
    "Head": [0.87582, 0.48257, 0.001803, -0.007841],
    "Left_Arm": [0.583272, 0.361503, 0.72134, -0.093691],
    "Left_Forearm": [0.956154, 0.118035, 0.012989, 0.267711],
    "Left_Hand": [0.950626, 0.272406, 0.08422, -0.122523],
    "Right_Arm": [0.873653, -0.04331, -0.480883, -0.060055],
    "Right_Forearm": [0.719445, 0.66391, -0.157488, 0.129692],
    "Right_Hand": [0.849999, -0.09755, -0.477196, 0.200672],
    "Right_Thigh": [0.863946, 0.469193, 0.003362, 0.182877],
    "Right_Leg": [0.823258, -0.553525, 0.102286, -0.073448],
    "Right_Foot": [1.0, -0.0, -0.0, -0.0],
    "Left_Thigh": [0.888668, 0.402519, 0.030217, -0.217567],
    "Left_Leg": [0.859175, -0.496593, 0.117091, 0.038783],
    "Left_Foot": [0.997924, 0.006129, -0.020215, 0.060832]
  },
  "7": {
    "Hip": [1.0, 0.0, -0.0, 0.0],
    "Belly": [0.865404, -0.49898, 0.038747, 0.024376],
    "Chest": [0.993484, -0.113973, -0.0, -0.0],
    "Head": [0.87582, 0.48257, 0.001803, -0.007841],
    "Left_Arm": [0.583272, 0.361503, 0.72134, -0.093691],
    "Left_Forearm": [0.956154, 0.118035, 0.012989, 0.267711],
    "Left_Hand": [0.950626, 0.272406, 0.08422, -0.122523],
    "Right_Arm": [0.882261, -0.034455, -0.461756, -0.084907],
    "Right_Forearm": [0.716228, 0.653642, -0.199916, 0.140726],
    "Right_Hand": [0.85468, -0.11745, -0.47069, 0.184874],
    "Right_Thigh": [0.863946, 0.469193, 0.003362, 0.182877],
    "Right_Leg": [0.823258, -0.553525, 0.102286, -0.073448],
    "Right_Foot": [1.0, -0.0, -0.0, -0.0],
    "Left_Thigh": [0.888668, 0.402519, 0.030217, -0.217567],
    "Left_Leg": [0.859175, -0.496593, 0.117091, 0.038783],
    "Left_Foot": [0.997924, 0.006129, -0.020215, 0.060832]
  },
  "8": {
    "Hip": [1.0, 0.0, -0.0, 0.0],
    "Belly": [0.865404, -0.49898, 0.038747, 0.024376],
    "Chest": [0.993484, -0.113973, -0.0, -0.0],
    "Head": [0.87582, 0.48257, 0.001803, -0.007841],
    "Left_Arm": [0.583272, 0.361503, 0.72134, -0.093691],
    "Left_Forearm": [0.956154, 0.118035, 0.012989, 0.267711],
    "Left_Hand": [0.950626, 0.272406, 0.08422, -0.122523],
    "Right_Arm": [0.899707, -0.011637, -0.410472, -0.148],
    "Right_Forearm": [0.700963, 0.620591, -0.308621, 0.168143],
    "Right_Hand": [0.863828, -0.167547, -0.452692, 0.144217],
    "Right_Thigh": [0.863946, 0.469193, 0.003362, 0.182877],
    "Right_Leg": [0.823258, -0.553525, 0.102286, -0.073448],