{
  "0": {
    "Hip": [1.0, 0.0, -0.0, 0.0],
    "Belly": [0.865404, -0.49898, 0.038747, 0.024376],
    "Chest": [0.993484, -0.113973, -0.0, -0.0],
    "Head": [0.914757, 0.404005, 0.0, 0.0],
    "Left_Arm": [0.585924, 0.312791, 0.747528, 0.007603],
    "Left_Forearm": [0.956154, 0.118035, 0.012989, 0.267711],
    "Left_Hand": [0.950626, 0.272406, 0.08422, -0.122523],
    "Right_Arm": [0.943565, 0.048928, -0.217452, -0.244959],
    "Right_Forearm": [0.560292, 0.627402, -0.478328, 0.252273],
    "Right_Hand": [0.856232, -0.379172, -0.348196, -0.043081],
    "Right_Thigh": [0.863946, 0.469193, 0.003362, 0.182877],
    "Right_Leg": [0.823258, -0.553525, 0.102286, -0.073448],
    "Right_Foot": [1.0, -0.0, -0.0, -0.0],
    "Left_Thigh": [0.888668, 0.402519, 0.030217, -0.217567],
    "Left_Leg": [0.859175, -0.496593, 0.117091, 0.038783],
    "Left_Foot": [0.997924, 0.006129, -0.020215, 0.060832]
  },
  "1": {
    "Hip": [1.0, 0.0, -0.0, 0.0],
    "Belly": [0.865404, -0.49898, 0.038747, 0.024376],
    "Chest": [0.993484, -0.113973, -0.0, -0.0],
    "Head": [0.914757, 0.404005, 0.0, 0.0],
    "Left_Arm": [0.585924, 0.312791, 0.747528, 0.007603],
    "Left_Forearm": [0.956154, 0.118035, 0.012989, 0.267711],
    "Left_Hand": [0.950626, 0.272406, 0.08422, -0.122523],
    "Right_Arm": [0.942174, 0.042266, -0.237921, -0.232196],
    "Right_Forearm": [0.572956, 0.637443, -0.454045, 0.243374],
    "Right_Hand": [0.860368, -0.360236, -0.359673, -0.025159],
    "Right_Thigh": [0.863946, 0.469193, 0.003362, 0.182877],
    "Right_Leg": [0.823258, -0.553525, 0.102286, -0.073448],
    "Right_Foot": [1.0, -0.0, -0.0, -0.0],
    "Left_Thigh": [0.888668, 0.402519, 0.030217, -0.217567],
    "Left_Leg": [0.859175, -0.496593, 0.117091, 0.038783],
    "Left_Foot": [0.997924, 0.006129, -0.020215, 0.060832]
  },
  "2": {
    "Hip": [1.0, 0.0, -0.0, 0.0],
    "Belly": [0.865404, -0.49898, 0.038747, 0.024376],
    "Chest": [0.993484, -0.113973, -0.0, -0.0],
    "Head": [0.914757, 0.404005, 0.0, 0.0],
    "Left_Arm": [0.585924, 0.312791, 0.747528, 0.007603],
    "Left_Forearm": [0.956154, 0.118035, 0.012989, 0.267711],
    "Left_Hand": [0.950626, 0.272406, 0.08422, -0.122523],
    "Right_Arm": [0.936014, 0.0253, -0.289014, -0.199272],
    "Right_Forearm": [0.60276, 0.660303, -0.390387, 0.219723],
    "Right_Hand": [0.867661, -0.310832, -0.387466, 0.020422],
    "Right_Thigh": [0.863946, 0.469193, 0.003362, 0.182877],
    "Right_Leg": [0.823258, -0.553525, 0.102286, -0.073448],
    "Right_Foot": [1.0, -0.0, -0.0, -0.0],
    "Left_Thigh": [0.888668, 0.402519, 0.030217, -0.217567],
    "Left_Leg": [0.859175, -0.496593, 0.117091, 0.038783],
    "Left_Foot": [0.997924, 0.006129, -0.020215, 0.060832]
  },
  "3": {
    "Hip": [1.0, 0.0, -0.0, 0.0],
    "Belly": [0.865404, -0.49898, 0.038747, 0.024376],
    "Chest": [0.993484, -0.113973, -0.0, -0.0],
    "Head": [0.914757, 0.404005, 0.0, 0.0],
    "Left_Arm": [0.585924, 0.312791, 0.747528, 0.007603],
    "Left_Forearm": [0.956154, 0.118035, 0.012989, 0.267711],
    "Left_Hand": [0.950626, 0.272406, 0.08422, -0.122523],
    "Right_Arm": [0.922194, 0.002851, -0.354388, -0.154787],
    "Right_Forearm": [0.636571, 0.684408, -0.30266, 0.186439],
    "Right_Hand": [0.870187, -0.243131, -0.420954, 0.080373],
    "Right_Thigh": [0.863946, 0.469193, 0.003362, 0.182877],
    "Right_Leg": [0.823258, -0.553525, 0.102286, -0.073448],
    "Right_Foot": [1.0, -0.0, -0.0, -0.0],
    "Left_Thigh": [0.888668, 0.402519, 0.030217, -0.217567],
    "Left_Leg": [0.859175, -0.496593, 0.117091, 0.038783],
    "Left_Foot": [0.997924, 0.006129, -0.020215, 0.060832]
  },
  "4": {
    "Hip": [1.0, 0.0, -0.0, 0.0],
    "Belly": [0.865404, -0.49898, 0.038747, 0.024376],
    "Chest": [0.993484, -0.113973, -0.0, -0.0],
    "Head": [0.914757, 0.404005, 0.0, 0.0],
    "Left_Arm": [0.585924, 0.312791, 0.747528, 0.007603],
    "Left_Forearm": [0.956154, 0.118035, 0.012989, 0.267711],
    "Left_Hand": [0.950626, 0.272406, 0.08422, -0.122523],
    "Right_Arm": [0.901967, -0.019618, -0.4173, -0.109227],
    "Right_Forearm": [0.66368, 0.701308, -0.211747, 0.151192],
    "Right_Hand": [0.864615, -0.173167, -0.450525, 0.139576],
    "Right_Thigh": [0.863946, 0.469193, 0.003362, 0.182877],
    "Right_Leg": [0.823258, -0.553525, 0.102286, -0.073448],
    "Right_Foot": [1.0, -0.0, -0.0, -0.0],
    "Left_Thigh": [0.888668, 0.402519, 0.030217, -0.217567],
    "Left_Leg": [0.859175, -0.496593, 0.117091, 0.038783],
    "Left_Foot": [0.997924, 0.006129, -0.020215, 0.060832]
  },
  "5": {
    "Hip": [1.0, 0.0, -0.0, 0.0],
    "Belly": [0.865404, -0.49898, 0.038747, 0.024376],
    "Chest": [0.993484, -0.113973, -0.0, -0.0],
    "Head": [0.914757, 0.404005, 0.0, 0.0],
    "Left_Arm": [0.585924, 0.312791, 0.747528, 0.007603],
    "Left_Forearm": [0.956154, 0.118035, 0.012989, 0.267711],
    "Left_Hand": [0.950626, 0.272406, 0.08422, -0.122523],
    "Right_Arm": [0.882378, -0.036625, -0.463232, -0.074049],
    "Right_Forearm": [0.679553, 0.709192, -0.141465, 0.123461],
    "Right_Hand": [0.85503, -0.119047, -0.470153, 0.183598],
    "Right_Thigh": [0.863946, 0.469193, 0.003362, 0.182877],
    "Right_Leg": [0.823258, -0.553525, 0.102286, -0.073448],
    "Right_Foot": [1.0, -0.0, -0.0, -0.0],
    "Left_Thigh": [0.888668, 0.402519, 0.030217, -0.217567],
    "Left_Leg": [0.859175, -0.496593, 0.117091, 0.038783],
    "Left_Foot": [0.997924, 0.006129, -0.020215, 0.060832]
  },
  "6": {
    "Hip": [1.0, 0.0, -0.0, 0.0],
    "Belly": [0.865404, -0.49898, 0.038747, 0.024376],
    "Chest": [0.993484, -0.113973, -0.0, -0.0],
    "Head": [0.914757, 0.404005, 0.0, 0.0],
    "Left_Arm": [0.585924, 0.312791, 0.747528, 0.007603],
    "Left_Forearm": [0.956154, 0.118035, 0.012989, 0.267711],
    "Left_Hand": [0.950626, 0.272406, 0.08422, -0.122523],
    "Right_Arm": [0.873653, -0.04331, -0.480883, -0.060055],
    "Right_Forearm": [0.684674, 0.711122, -0.113596, 0.112353],
    "Right_Hand": [0.849999, -0.09755, -0.477196, 0.200672],
    "Right_Thigh": [0.863946, 0.469193, 0.003362, 0.182877],
    "Right_Leg": [0.823258, -0.553525, 0.102286, -0.073448],
    "Right_Foot": [1.0, -0.0, -0.0, -0.0],
    "Left_Thigh": [0.888668, 0.402519, 0.030217, -0.217567],
    "Left_Leg": [0.859175, -0.496593, 0.117091, 0.038783],
    "Left_Foot": [0.997924, 0.006129, -0.020215, 0.060832]
  },
  "7": {
    "Hip": [1.0, 0.0, -0.0, 0.0],
    "Belly": [0.865404, -0.49898, 0.038747, 0.024376],
    "Chest": [0.993484, -0.113973, -0.0, -0.0],
    "Head": [0.914757, 0.404005, 0.0, 0.0],
    "Left_Arm": [0.585924, 0.312791, 0.747528, 0.007603],
    "Left_Forearm": [0.956154, 0.118035, 0.012989, 0.267711],
    "Left_Hand": [0.950626, 0.272406, 0.08422, -0.122523],
    "Right_Arm": [0.882378, -0.036625, -0.463232, -0.074049],
    "Right_Forearm": [0.679553, 0.709192, -0.141465, 0.123461],
    "Right_Hand": [0.85503, -0.119047, -0.470153, 0.183598],
    "Right_Thigh": [0.863946, 0.469193, 0.003362, 0.182877],
    "Right_Leg": [0.823258, -0.553525, 0.102286, -0.073448],
    "Right_Foot": [1.0, -0.0, -0.0, -0.0],
    "Left_Thigh": [0.888668, 0.402519, 0.030217, -0.217567],
    "Left_Leg": [0.859175, -0.496593, 0.117091, 0.038783],
    "Left_Foot": [0.997924, 0.006129, -0.020215, 0.060832]
  },
  "8": {
    "Hip": [1.0, 0.0, -0.0, 0.0],
    "Belly": [0.865404, -0.49898, 0.038747, 0.024376],
    "Chest": [0.993484, -0.113973, -0.0, -0.0],
    "Head": [0.914757, 0.404005, 0.0, 0.0],
    "Left_Arm": [0.585924, 0.312791, 0.747528, 0.007603],
    "Left_Forearm": [0.956154, 0.118035, 0.012989, 0.267711],
    "Left_Hand": [0.950626, 0.272406, 0.08422, -0.122523],
    "Right_Arm": [0.901967, -0.019618, -0.4173, -0.109227],
    "Right_Forearm": [0.66368, 0.701308, -0.211747, 0.151192],
    "Right_Hand": [0.864615, -0.173167, -0.450525, 0.139576],
    "Right_Thigh": [0.863946, 0.469193, 0.003362, 0.182877],
    "Right_Leg": [0.823258, -0.553525, 0.102286, -0.073448],
    "Right_Foot": [1.0, -0.0, -0.0, -0.0],